{"cameraMode":{"drawMode":3,"name":"Shadow Cascades","section":"Miscellaneous"},"sceneLighting":true,"audioPlay":false,"sceneViewState":{"showFog":false,"showMaterialUpdate":true,"showSkybox":false,"showFlares":true,"showImageEffects":true,"showParticleSystems":true},"in2DMode":false,"pivot":{"x":-7.501464366912842,"y":6.953549385070801,"z":-3.4685258865356447},"rotation":{"x":0.23296920955181123,"y":-0.1813848912715912,"z":0.044203393161296847,"w":0.9544281363487244},"size":20.37946319580078,"orthographic":false}