{"cameraMode":{"drawMode":3,"name":"Shadow Cascades","section":"Miscellaneous"},"sceneLighting":true,"audioPlay":false,"sceneViewState":{"showFog":false,"showMaterialUpdate":true,"showSkybox":false,"showFlares":true,"showImageEffects":true,"showParticleSystems":true},"in2DMode":false,"pivot":{"x":616.6075439453125,"y":81.25731658935547,"z":303.0810852050781},"rotation":{"x":0.29969456791877749,"y":0.4734375774860382,"z":-0.17535094916820527,"w":0.8095383048057556},"size":4.414663314819336,"orthographic":false}