{"cameraMode":{"drawMode":3,"name":"Shadow Cascades","section":"Miscellaneous"},"sceneLighting":true,"audioPlay":false,"sceneViewState":{"showFog":false,"showMaterialUpdate":true,"showSkybox":true,"showFlares":true,"showImageEffects":true,"showParticleSystems":true},"in2DMode":false,"pivot":{"x":613.1964111328125,"y":78.40066528320313,"z":285.57794189453127},"rotation":{"x":0.23296920955181123,"y":-0.1813848912715912,"z":0.044203393161296847,"w":0.9544281363487244},"size":21.38129425048828,"orthographic":false}